query_id,query,TF-IDF,BM25,Sentence Transformer,BM25 + PRF expansion,BM25 + Embedding expansion,Hybrid RRF (TF-IDF + BM25 + Dense),Hybrid RRF (BM25 + Dense),Hybrid RRF (TF-IDF + BM25+PRF + Dense),Hybrid RRF (TF-IDF + BM25+Emb + Dense)
PLAIN-2,Do Cholesterol Statin Drugs Cause Breast Cancer?,0.7241,0.756,0.7883,0.7859,0.7363,0.7772,0.7927,0.7792,0.7784
PLAIN-12,Exploiting Autophagy to Live Longer,0.0801,0.0904,0.1157,0.0734,0.0904,0.1093,0.1093,0.1093,0.1093
PLAIN-23,How to Reduce Exposure to Alkylphenols Through Your Diet,0.6203,0.6937,0.3435,0.6745,0.6937,0.4808,0.4701,0.474,0.4808
PLAIN-33,What’s Driving America’s Obesity Problem?,0.145,0.3023,0.258,0.2115,0.299,0.2038,0.1149,0.1968,0.2038
PLAIN-44,Who Should be Careful About Curcumin?,0.1027,0.1692,0.265,0.2442,0.0553,0.2065,0.2314,0.1462,0.2158
PLAIN-56,Foods for Glaucoma,0.6226,0.6989,0.7287,0.5054,0.6989,0.6249,0.6548,0.7013,0.6249
PLAIN-68,What is Actually in Chicken Nuggets?,0.5549,0.5991,0.5045,0.6422,0.6575,0.5893,0.5349,0.614,0.5893
PLAIN-78,What Do Meat Purge and Cola Have in Common?,0.0386,0.0386,0.0,0.0448,0.1109,0.2063,0.1748,0.2155,0.2071
PLAIN-91,Chronic Headaches and Pork Parasites,0.4508,0.5207,0.3226,0.6629,0.4721,0.5128,0.4947,0.5402,0.5128
PLAIN-102,Stopping Heart Disease in Childhood,0.0,0.1487,0.2127,0.1922,0.1369,0.2425,0.2425,0.2425,0.2425
PLAIN-112,Food Dyes and ADHD,0.4304,0.444,0.7225,0.5061,0.5061,0.4655,0.536,0.5373,0.5061
PLAIN-123,How Citrus Might Help Keep Your Hands Warm,0.1724,0.0448,0.1179,0.0259,0.0386,0.1793,0.0897,0.1375,0.1793
PLAIN-133,Starving Tumors of Their Blood Supply,0.0,0.0,0.0865,0.0,0.0,0.0865,0.1238,0.0831,0.0
PLAIN-143,Are Dental X-Rays Safe?,0.5213,0.3843,0.782,0.3843,0.5765,0.6192,0.6317,0.6696,0.6725
PLAIN-153,How Should I Take Probiotics?,0.7448,0.7908,0.9558,0.6912,0.6692,0.8126,0.8472,0.7684,0.8472
PLAIN-165,Breast Cancer & Alcohol: How Much is Safe?,0.6117,0.3826,0.4172,0.4275,0.3826,0.4859,0.3954,0.4757,0.4859
PLAIN-175,Diet and Cellulite,0.2999,0.325,0.2393,0.6201,0.325,0.2999,0.2999,0.2999,0.2999
PLAIN-186,Best Treatment for Constipation,0.0948,0.11,0.11,0.11,0.0734,0.1389,0.1389,0.2201,0.1389
PLAIN-196,Should We Avoid Titanium Dioxide?,0.5885,0.6122,0.2201,0.702,0.6275,0.6016,0.5232,0.6168,0.6016
PLAIN-207,Avoiding Cooked Meat Carcinogens,0.3379,0.4951,0.6754,0.5926,0.5017,0.568,0.6505,0.5837,0.6434
PLAIN-217,Plant-Based Diets for Psoriasis,0.0,0.0,0.2528,0.0,0.0,0.0,0.0,0.0,0.0
PLAIN-227,Increasing Muscle Strength with Fenugreek,0.2201,0.1389,0.0,0.2201,0.1389,0.0,0.0,0.0,0.0
PLAIN-238,How Chemically Contaminated Are We?,0.0,0.0663,0.0,0.0694,0.0734,0.0694,0.0734,0.0,0.0734
PLAIN-248,Treating an Enlarged Prostate With Diet,0.2201,0.359,0.3183,0.3301,0.359,0.3757,0.3621,0.3909,0.312
PLAIN-259,Optimal Phytosterol Dose and Source,0.4537,0.359,0.359,0.2489,0.359,0.359,0.359,0.359,0.359
PLAIN-270,Is Caffeinated Tea Really Dehydrating?,0.0636,0.0948,0.2895,0.0,0.1389,0.11,0.1389,0.0851,0.1389
PLAIN-280,Mercury Testing Recommended Before Pregnancy,0.4374,0.41,0.312,0.3125,0.41,0.3437,0.4073,0.3437,0.3437
PLAIN-291,Stool Size and Breast Cancer Risk,0.2489,0.359,0.469,0.359,0.359,0.359,0.359,0.359,0.359
PLAIN-307,Vitamin D: Shedding some light on the new recommendations,0.1357,0.148,0.8194,0.148,0.3296,0.6979,0.906,0.6979,0.6871
PLAIN-320,Breast Cancer and Diet,0.1389,0.0,0.0,0.0948,0.0,0.0,0.0,0.0,0.0663
PLAIN-332,Can antioxidant-rich spices counteract the effects of a high-fat meal?,0.3869,0.2372,0.6131,0.2184,0.3066,0.6131,0.6131,0.6131,0.6131
PLAIN-344,Dioxins Stored in Our Own Fat May Increase Diabetes Risk,0.2041,0.3418,0.4394,0.3653,0.4436,0.4384,0.4376,0.3729,0.4384
PLAIN-358,Didn't another study show carnitine was good for the heart?,0.0,0.0,0.0,0.0,0.0,0.0,0.0,0.0,0.0
PLAIN-371,Any update on the scary in vitro avocado data?,0.4382,0.3765,0.1186,0.1065,0.3765,0.3864,0.1377,0.1377,0.3864
PLAIN-383,What do you think of Dr. Jenkins' take on paleolithic diets?,0.3392,0.1696,0.1461,0.107,0.3392,0.1696,0.1696,0.1696,0.3392
PLAIN-395,What about pepper plus turmeric in V8 juice?,0.0,0.0,0.0,0.0,0.0,0.0,0.0,0.0,0.0
PLAIN-407,Is annatto food coloring safe?,0.7262,0.7262,0.7262,0.7262,0.7262,0.7262,0.7262,0.7262,0.7262
PLAIN-418,Fresh fruit versus frozen--which is better?,0.7715,0.8344,0.9073,0.5662,0.9073,0.9073,0.9073,0.9073,0.9073
PLAIN-430,Are krill oil supplements better than fish oil capsules?,0.5884,0.6279,0.6052,0.6279,0.6279,0.6279,0.6279,0.6279,0.6279
PLAIN-441,Is apple cider vinegar good for you?,0.8913,0.9445,0.7225,0.9593,0.9445,0.7345,0.7345,0.7345,0.7345
PLAIN-457,How can you believe in any scientific study?,0.0,0.0,0.0,0.0,0.0,0.0,0.0,0.0,0.0
PLAIN-468,Is vitamin D3 (cholecalciferol) preferable to D2 (ergocalciferol)?,0.2856,0.3024,0.5056,0.3291,0.3024,0.3203,0.5056,0.3637,0.3203
PLAIN-478,accidents,0.0,0.0,0.0,0.0,0.0,0.0,0.0,0.0,0.0
PLAIN-488,adenovirus 36,1.0,1.0,1.0,1.0,1.0,1.0,1.0,1.0,1.0
PLAIN-499,African-American,0.2895,0.1389,0.1763,0.1389,0.2051,0.3783,0.4003,0.361,0.366
PLAIN-510,airport scanners,0.0,0.0,0.1513,0.0,0.0,0.1078,0.1078,0.0,0.0
PLAIN-520,Alli,0.0,0.0,0.0,0.0,0.0,0.0,0.0,0.0,0.0
PLAIN-531,alternative medicine,0.2426,0.3098,0.4978,0.5193,0.3102,0.3792,0.2942,0.3032,0.2494
PLAIN-541,American Dental Association,0.1078,0.0955,0.0955,0.0,0.1078,0.1009,0.1009,0.1009,0.1171
PLAIN-551,amnesia,0.0,0.0,0.0,0.0,0.0,0.0,0.0,0.0,0.0
PLAIN-561,aneurysm,0.359,0.359,0.359,0.8166,0.359,0.359,0.359,0.5965,0.359
PLAIN-571,anisakis,0.2558,0.2558,0.2051,0.2558,0.2247,0.2438,0.2247,0.2438,0.2247
PLAIN-583,antinutrients,0.2201,0.2201,0.0,0.9337,0.2201,0.2201,0.2201,0.5017,0.2863
PLAIN-593,apnea,0.4693,0.4693,0.4693,0.9675,0.4693,0.4693,0.4693,0.6049,0.4693
PLAIN-603,Arkansas,0.0,0.0,0.0,0.0,0.0,0.0,0.0,0.0,0.0
PLAIN-613,ascorbic acid,0.0,0.0,0.0851,0.0,0.0,0.0694,0.0851,0.0694,0.0694
PLAIN-623,Atkins diet,0.2489,0.3341,0.5068,0.478,0.2489,0.2489,0.2489,0.3223,0.2489
PLAIN-634,avocados,0.4153,0.4085,0.2201,0.4085,0.4085,0.3996,0.3996,0.3996,0.3996
PLAIN-645,bagels,0.0,0.0,0.0,0.0,0.0,0.0,0.0,0.0,0.0
PLAIN-660,beans,1.0,1.0,1.0,1.0,1.0,1.0,1.0,1.0,1.0
PLAIN-671,benzene,1.0,1.0,1.0,1.0,1.0,1.0,1.0,1.0,1.0
PLAIN-681,betel nuts,1.0,1.0,0.6309,1.0,1.0,1.0,1.0,1.0,1.0
PLAIN-691,bioavailability,0.0,0.0,0.0,0.0636,0.0,0.0,0.0,0.0,0.0
PLAIN-701,black raspberries,0.3794,0.5835,0.3327,0.4682,0.4417,0.5766,0.573,0.5354,0.5354
PLAIN-711,blood clots,0.359,0.359,0.3479,0.46,0.3301,0.359,0.4441,0.501,0.359
PLAIN-721,BMAA,1.0,1.0,1.0,1.0,1.0,1.0,1.0,1.0,1.0
PLAIN-731,bone fractures,0.7752,0.863,0.7184,0.9364,0.7975,0.7273,0.7273,0.8572,0.7273
PLAIN-741,BPH,0.8486,0.8553,0.4441,0.8701,0.8553,0.8643,0.8007,0.8643,0.8643
PLAIN-751,BRCA genes,0.0,0.0,0.0,0.0,0.0,0.0,0.0,0.0,0.0
PLAIN-761,breast pain,0.1303,0.1513,0.2474,0.1909,0.1303,0.1513,0.1513,0.1513,0.1513
PLAIN-771,bronchiolitis obliterans,1.0,1.0,0.6364,1.0,1.0,1.0,1.0,1.0,1.0
PLAIN-782,Bush administration,0.0,0.0,0.0,0.0,0.0,0.0,0.0,0.0,0.0
PLAIN-792,cadaverine,0.6448,0.6448,0.1303,0.6448,0.6448,0.6448,0.6106,0.6448,0.6448
PLAIN-806,caloric restriction,0.9216,0.8512,0.7702,0.839,0.7818,0.8512,0.8358,0.8416,0.8416
PLAIN-817,canker sores,0.0,0.0,0.0,0.0,0.0,0.0,0.0,0.0,0.0
PLAIN-827,carcinogens,0.641,0.6699,0.6372,1.0,0.2974,0.6281,0.6371,0.7949,0.6371
PLAIN-838,carrageenan,0.8551,0.8551,0.693,0.8551,0.8551,0.8551,0.8551,0.8551,0.8551
PLAIN-850,cauliflower,0.6489,0.6489,0.4986,0.7152,0.6489,0.7184,0.7223,0.7152,0.7126
PLAIN-872,chanterelle mushrooms,0.0,0.0,0.0,0.0,0.0,0.0,0.0,0.0,0.0
PLAIN-882,Chernobyl,0.359,0.359,0.863,0.4441,0.8007,0.863,0.863,0.7223,0.8604
PLAIN-892,chickpeas,0.8701,0.8701,0.4249,0.8701,0.8701,0.8701,0.8701,0.8701,0.8701
PLAIN-902,chlorophyll,0.4415,0.6367,0.1391,0.7668,0.6367,0.6367,0.6367,0.7495,0.6367
PLAIN-913,cinnamon,0.9337,0.9337,0.785,0.8553,0.8701,0.8669,0.8669,0.8007,0.8669
PLAIN-924,cocaine,0.2201,0.2201,0.7818,0.2201,0.8415,0.7818,0.7818,0.6969,0.863
PLAIN-934,coffee,0.9216,0.8512,0.5056,0.6403,0.6962,0.9266,0.8201,0.7722,0.8318
PLAIN-946,coma,0.3149,0.3149,0.0,0.359,0.3149,0.359,0.359,0.359,0.359
PLAIN-956,cooking methods,0.5728,0.4451,0.6805,0.5587,0.2934,0.7467,0.6988,0.6579,0.6083
PLAIN-966,cortisol,0.148,0.148,0.0,0.0,0.148,0.0,0.0,0.0,0.0
PLAIN-977,crib death,0.0,0.0,0.2021,0.1357,0.0,0.1564,0.2346,0.2346,0.1564
PLAIN-987,cumin,0.2346,0.2346,0.0,0.2961,0.2346,0.2346,0.1815,0.2346,0.2346
PLAIN-997,Czechoslovakia,0.0,0.0,0.0,0.0,0.0,0.0,0.0,0.0,0.0
PLAIN-1008,deafness,0.0,0.0,0.0,0.0,0.0,0.0,0.0,0.0,0.0
PLAIN-1018,DHA,0.5232,0.5211,0.1642,0.5763,0.5211,0.5331,0.5114,0.5396,0.5331
PLAIN-1028,dietary scoring,0.0,0.0,0.0,0.0,0.0,0.0,0.0,0.0,0.0
PLAIN-1039,domoic acid,1.0,1.0,1.0,1.0,1.0,1.0,1.0,1.0,1.0
PLAIN-1050,Dr. Dean Ornish,0.0636,0.0636,0.0851,0.0,0.0636,0.0694,0.0784,0.0663,0.0694
PLAIN-1066,Dr. Walter Willett,0.0,0.0,0.0,0.0,0.0,0.0,0.0,0.0,0.0
PLAIN-1088,ECMO,0.5531,0.5531,0.5531,0.5531,0.5531,0.5531,0.5531,0.5531,0.5531
PLAIN-1098,eggnog,0.0,0.0,0.0,0.0,0.0,0.0,0.0,0.0,0.0
PLAIN-1109,endocrine disruptors,0.6178,0.469,0.702,0.4035,0.469,0.6025,0.5907,0.6055,0.6025
PLAIN-1119,energy drinks,0.0,0.0,0.0,0.0,0.0,0.0,0.0,0.0,0.0
PLAIN-1130,ergothioneine,1.0,1.0,1.0,1.0,1.0,1.0,1.0,1.0,1.0
PLAIN-1141,Evidence-based medicine,0.2201,0.2201,0.2201,0.2201,0.2201,0.2201,0.2201,0.2201,0.2201
PLAIN-1151,factory farming practices,0.5494,0.5712,0.2588,1.0,0.5869,0.5847,0.4819,0.7215,0.5965
PLAIN-1161,fava beans,0.0,0.0,0.0,0.0,0.0,0.0,0.0,0.0,0.0
PLAIN-1172,fenugreek,0.2201,0.2201,0.2201,0.2201,0.2201,0.2201,0.2201,0.2201,0.2201
PLAIN-1183,Finland,0.2895,0.2863,0.1389,0.2051,0.1952,0.2935,0.2935,0.2935,0.2935
PLAIN-1193,flax oil,0.0,0.0636,0.0,0.1546,0.0636,0.0,0.0,0.0663,0.0
PLAIN-1203,folic acid,0.359,0.359,0.5541,0.2048,0.359,0.359,0.359,0.359,0.359
PLAIN-1214,Fosamax,0.0,0.0,0.0,0.0,0.0,0.0,0.0,0.0,0.0
PLAIN-1225,fructose,0.6236,0.5364,0.6461,0.5368,0.5364,0.5552,0.6875,0.6036,0.5552
PLAIN-1236,galactosemia,0.3392,0.3392,0.3392,0.665,0.3392,0.3392,0.3392,0.3392,0.3392
PLAIN-1249,genetic manipulation,0.0,0.0,0.0,0.0,0.0,0.0,0.0,0.0,0.0
PLAIN-1262,Global Burden of Disease Study,0.1389,0.2083,0.4374,0.161,0.2758,0.3811,0.4441,0.3715,0.3882
PLAIN-1275,goji berries,0.5321,0.5424,0.5541,0.577,0.5989,0.5541,0.5638,0.5321,0.5638
PLAIN-1288,grapes,0.89,0.9052,0.1299,0.89,0.7799,0.7799,0.7799,0.7799,0.7799
PLAIN-1299,growth promoters,0.2201,0.11,0.2201,0.0636,0.0851,0.1732,0.2173,0.142,0.1799
PLAIN-1309,halibut,0.0,0.0,0.0,0.0,0.0,0.0,0.0,0.0,0.0
PLAIN-1320,Harvard Physicians’ Study II,0.2591,0.4221,0.0,0.6448,0.3385,0.1009,0.0,0.1883,0.0955
PLAIN-1331,hearing,0.0,0.0,0.0,0.0,0.0,0.0,0.0,0.0,0.0
PLAIN-1342,heme iron,0.312,0.3273,0.5303,0.2736,0.4085,0.4153,0.5326,0.4153,0.4153
PLAIN-1353,hernia,0.0,0.0,0.0,0.0,0.0,0.0,0.0,0.0,0.0
PLAIN-1363,Hiroshima,0.2201,0.2201,0.2221,0.4448,0.2935,0.3571,0.3571,0.3558,0.2935
PLAIN-1374,hormonal dysfunction,0.0636,0.0,0.0,0.0,0.1834,0.0,0.0,0.0,0.0
PLAIN-1387,hyperactivity,0.6653,0.7116,0.7126,0.7315,0.7116,0.7223,0.7859,0.7223,0.7223
PLAIN-1398,IGF-1,0.8701,0.8669,1.0,0.9337,0.9306,0.9266,0.9149,0.9337,0.9364
PLAIN-1409,industrial toxins,0.0,0.0784,0.0,0.0,0.0851,0.2051,0.2399,0.1488,0.2051
PLAIN-1419,insects,0.4441,0.4323,0.5107,0.4323,0.4323,0.52,0.5232,0.4537,0.4537
PLAIN-1429,Iowa Women’s Health Study,0.0,0.0,0.0,0.0,0.0,0.0,0.0,0.0,0.0
PLAIN-1441,Japan,0.4073,0.4074,0.6122,0.5677,0.5622,0.558,0.5232,0.6722,0.5696
PLAIN-1453,junk food,0.2521,0.3689,0.4346,0.3811,0.4323,0.5193,0.5748,0.5447,0.542
PLAIN-1463,kidney beans,0.4789,0.3996,0.2832,0.4569,0.3933,0.385,0.3718,0.3972,0.3824
PLAIN-1473,kohlrabi,1.0,1.0,0.0,1.0,1.0,1.0,1.0,1.0,1.0
PLAIN-1485,lard,0.0,0.0,0.0,0.0,0.0,0.0,0.0,0.0,0.0
PLAIN-1496,leeks,0.0,0.0,0.0,0.0,0.0,0.0,0.0,0.0,0.0
PLAIN-1506,leucine,0.2173,0.2935,0.1389,0.2895,0.2863,0.224,0.3052,0.2876,0.224
PLAIN-1516,Lindane,0.0,0.0,0.0,0.0,0.0,0.0,0.0,0.0,0.0
PLAIN-1527,liver disease,0.7632,0.8482,1.0,0.6754,0.9216,0.9337,1.0,0.9216,1.0
PLAIN-1537,low-carb diets,0.0,0.0948,0.6618,0.0636,0.2785,0.2745,0.3183,0.1737,0.3758
PLAIN-1547,lyme disease,0.0,0.0,0.1171,0.1303,0.0,0.0,0.0,0.1171,0.0
PLAIN-1557,magnesium,0.312,0.2782,0.2489,0.4035,0.3964,0.2489,0.2489,0.359,0.2489
PLAIN-1568,maple syrup,1.0,1.0,0.9197,1.0,1.0,1.0,1.0,1.0,1.0
PLAIN-1579,mastitis,0.3392,0.3392,0.1696,0.3392,0.3392,0.3392,0.3392,0.3392,0.3392
PLAIN-1590,medical ethics,0.11,0.11,0.11,0.0948,0.11,0.11,0.1389,0.0948,0.11
PLAIN-1601,memory,0.7968,0.5806,0.6759,0.5934,0.65,0.8522,0.8486,0.8522,0.8553
PLAIN-1611,mesquite,0.0,0.0,0.0,0.0,0.0,0.0,0.0,0.0,0.0
PLAIN-1621,Mevacor,0.0,0.0,0.0,0.0,0.0,0.0,0.0,0.0,0.0
PLAIN-1635,milk,0.7799,0.442,1.0,0.8116,0.5115,0.9337,0.8604,0.9266,0.8522
PLAIN-1645,molasses,0.3026,0.3026,0.0,0.3026,0.3026,0.3026,0.3026,0.3026,0.3026
PLAIN-1656,mouth cancer,0.0948,0.1389,0.0,0.0784,0.2051,0.1389,0.11,0.1389,0.1389
PLAIN-1667,muscle health,0.5305,0.6872,0.7354,0.5709,0.5185,0.8454,0.9364,0.8486,0.8237
PLAIN-1679,myelopathy,0.0,0.0,0.5,0.0,0.0,0.5,0.5,0.5,0.0
PLAIN-1690,National Academy of Sciences,0.0,0.0,0.0,0.0,0.0,0.0,0.0,0.0,0.0
PLAIN-1700,Native Americans,0.0,0.0,0.098,0.0,0.0,0.0,0.0,0.0,0.0
PLAIN-1710,neurocysticercosis,1.0,1.0,1.0,1.0,1.0,1.0,1.0,1.0,1.0
PLAIN-1721,NIH-AARP study,0.54,0.618,0.5068,0.6333,0.618,0.6547,0.6835,0.6547,0.6547
PLAIN-1731,norovirus,0.7654,0.7654,0.7654,0.9325,0.7654,0.7654,0.7654,0.7654,0.7654
PLAIN-1741,nuts,1.0,1.0,1.0,1.0,0.9364,1.0,1.0,1.0,1.0
PLAIN-1752,okra,0.0,0.0,0.0,0.0,0.0,0.0,0.0,0.0,0.0
PLAIN-1762,oral intraepithelial neoplasia,0.1822,0.2354,0.6121,0.2354,0.2861,0.5947,0.6193,0.6116,0.5757
PLAIN-1772,organotins,1.0,1.0,0.9197,1.0,1.0,1.0,1.0,1.0,1.0
PLAIN-1784,oxen meat,0.0,0.0,0.0,0.0,0.0,0.0,0.0,0.0,0.0
PLAIN-1794,Panama,1.0,1.0,0.8066,1.0,1.0,1.0,1.0,1.0,1.0
PLAIN-1805,Parkinson's disease,1.0,1.0,1.0,0.9364,0.9306,1.0,1.0,1.0,1.0
PLAIN-1817,peanut butter,0.5989,0.5326,0.359,0.469,0.5353,0.4284,0.4226,0.4226,0.4226
PLAIN-1827,Peoria,0.0,0.0,0.0,0.0,0.0,0.0,0.0,0.0,0.0
PLAIN-1837,pesticides,1.0,1.0,1.0,1.0,1.0,1.0,1.0,1.0,1.0
PLAIN-1847,philippines,0.2337,0.2489,0.2201,0.4249,0.3301,0.2337,0.3149,0.4427,0.3149
PLAIN-1857,phytic acid,0.6274,0.6274,0.5474,0.6204,0.6274,0.5638,0.5638,0.5638,0.5638
PLAIN-1867,pineapples,0.2749,0.2749,0.0,0.2749,0.4123,0.2749,0.2749,0.2749,0.3543
PLAIN-1877,plant-based diet,0.0,0.0,0.0,0.0,0.0,0.0,0.0,0.0,0.0
PLAIN-1887,poisonous plants,0.0,0.0,0.0,0.0,0.0,0.0,0.0,0.0,0.0
PLAIN-1897,polypropylene plastic,0.0,0.0,0.1934,0.2184,0.0,0.0,0.0,0.0,0.0
PLAIN-1909,pork,0.9364,0.9364,0.6621,0.8611,1.0,0.6831,0.6021,0.7695,0.6898
PLAIN-1919,poultry workers,0.791,0.791,0.7184,0.9364,0.7968,0.863,0.7968,0.8701,0.7968
PLAIN-1929,prenatal vitamins,0.0,0.0,0.4035,0.0,0.0,0.0694,0.0694,0.0694,0.0694
PLAIN-1940,prolactin,0.359,0.359,0.359,0.6372,0.359,0.359,0.359,0.4226,0.359
PLAIN-1950,prunes,0.2489,0.2489,0.2489,0.4374,0.2489,0.2489,0.2489,0.2489,0.2489
PLAIN-1962,pumpkin,0.0,0.0,0.0,0.0,0.0,0.0,0.0,0.0,0.0
PLAIN-1972,quinine,0.0,0.0,0.0,0.0,0.0,0.0,0.0,0.0,0.0
PLAIN-1983,rapamycin,1.0,1.0,1.0,1.0,1.0,1.0,1.0,1.0,1.0
PLAIN-1995,red tea,0.0,0.0,0.0,0.0784,0.0,0.0,0.0,0.0,0.0
PLAIN-2009,rhabdomyolysis,0.1265,0.1265,0.2108,0.1996,0.1265,0.2063,0.2063,0.1265,0.2063
PLAIN-2019,rickets,0.4693,0.4693,0.0,0.4693,0.4693,0.4693,0.4693,0.4693,0.4693
PLAIN-2030,Rutin,0.3026,0.3026,0.0,0.3901,0.3026,0.3026,0.3026,0.3026,0.3026
PLAIN-2040,salmon,0.7116,0.7506,0.4983,0.6875,0.5368,0.7702,0.7656,0.7606,0.7702
PLAIN-2051,saturated fat,0.702,0.7503,0.6988,0.7702,0.634,0.7574,0.6902,0.6938,0.6938
PLAIN-2061,seafood,0.9149,0.9149,0.9052,1.0,1.0,0.8611,0.8611,0.89,0.8611
PLAIN-2071,serotonin,0.5743,0.6146,0.4351,0.6628,0.6146,0.5167,0.4531,0.5135,0.5167
PLAIN-2081,shelf life,1.0,1.0,0.301,0.6309,1.0,1.0,1.0,1.0,1.0
PLAIN-2092,sirtuins,0.6489,0.6489,0.6489,0.6489,0.6489,0.6489,0.6489,0.6489,0.6489
PLAIN-2102,smoking,0.5801,0.7792,0.8611,0.6948,0.9149,0.8048,0.863,0.8048,0.8116
PLAIN-2113,soil health,0.0,0.0,0.0,0.0,0.0,0.0,0.0,0.0,0.0
PLAIN-2124,spearmint,0.359,0.359,0.5541,0.5638,0.359,0.5541,0.5541,0.469,0.4323
PLAIN-2134,Splenda,0.0,0.0,0.0,0.0,0.0,0.0,0.0,0.0,0.0
PLAIN-2145,St. John's wort,0.1483,0.1483,0.0837,0.235,0.1483,0.1483,0.1483,0.1483,0.1483
PLAIN-2156,stevia,0.6448,0.6448,0.581,0.7751,0.6448,0.6448,0.6448,0.876,0.6448
PLAIN-2167,subsidies,0.0,0.0,0.0,0.0,0.0,0.0,0.0,0.0,0.0
PLAIN-2177,sulfur,0.2614,0.2588,0.5638,0.2614,0.3786,0.3183,0.4284,0.3183,0.3996
PLAIN-2187,suppositories,0.3833,0.3833,0.235,0.6701,0.3833,0.3833,0.3833,0.7638,0.3833
PLAIN-2197,sweeteners,0.767,0.7885,0.5541,0.7034,0.4362,0.767,0.7631,0.7467,0.6805
PLAIN-2209,taro,0.0,0.0,0.0,0.0,0.0,0.0,0.0,0.0,0.0
PLAIN-2220,tempeh,0.235,0.235,0.1883,0.235,0.235,0.3363,0.3363,0.235,0.3363
PLAIN-2230,thiamine,0.1734,0.1184,0.0,0.1184,0.1184,0.1063,0.0916,0.1063,0.1063
PLAIN-2240,titanium dioxide,0.5885,0.6122,0.2985,0.7656,0.6911,0.5677,0.5271,0.5677,0.5677
PLAIN-2250,tongue worm,0.0,0.0,0.1846,0.0,0.0,0.0,0.0,0.0,0.0
PLAIN-2261,trans fats,0.6047,0.6118,0.3719,0.6168,0.5801,0.6489,0.63,0.6422,0.6489
PLAIN-2271,Tufts,0.0,0.0,0.0,0.0,0.0,0.0,0.0,0.0,0.0
PLAIN-2281,turnips,0.0,0.0,0.0,0.0,0.0,0.0,0.0,0.0,0.0
PLAIN-2291,ultra-processed foods,0.3392,0.3392,0.0,0.3392,0.3392,0.1131,0.0,0.1312,0.1131
PLAIN-2301,uterine health,0.0,0.0,0.3437,0.0,0.0,0.0,0.0694,0.0,0.0694
PLAIN-2311,veal,0.0,0.0,0.0,0.4825,0.0,0.0,0.0,0.1934,0.0
PLAIN-2321,veggie chicken,0.0,0.0,0.0,0.0,0.0,0.0,0.0,0.0,0.0
PLAIN-2332,viral infections,0.4815,0.5045,0.8669,0.5017,0.6547,0.5958,0.7467,0.6902,0.6867
PLAIN-2343,vitamin K,0.0,0.0,0.0,0.0,0.0,0.0,0.0,0.0,0.0
PLAIN-2354,walnut oil,0.2676,0.3156,0.3008,0.2669,0.4852,0.3601,0.5087,0.4704,0.3601
PLAIN-2364,weight gain,0.0,0.0,0.0,0.0,0.0,0.0,0.0,0.0,0.0
PLAIN-2375,whiting,0.0,0.0,0.0,0.0,0.0,0.0,0.0,0.0,0.0
PLAIN-2386,worms,0.0,0.0,0.1799,0.11,0.1331,0.1518,0.1518,0.2278,0.1478
PLAIN-2396,Yale,0.0,0.0,0.0,0.0,0.0,0.0,0.0,0.0,0.0
PLAIN-2408,Zoloft,0.0,0.0,0.0,0.0,0.4704,0.0,0.0,0.0,0.3836
PLAIN-2430,Preventing Brain Loss with B Vitamins?,0.3821,0.381,0.5859,0.4729,0.3301,0.4639,0.4821,0.5352,0.4607
PLAIN-2440,More Than an Apple a Day: Combating Common Diseases,0.0,0.0,0.0,0.0,0.0,0.0,0.0,0.0,0.0
PLAIN-2450,Are Organic Foods Safer?,0.2201,0.2025,0.1737,0.1737,0.2122,0.2985,0.2173,0.1389,0.2935
PLAIN-2460,Diabetes as a Disease of Fat Toxicity,0.0,0.1977,0.2873,0.0831,0.0,0.1864,0.2195,0.2846,0.1942
PLAIN-2470,Is Milk Good for Our Bones?,0.4611,0.3881,0.7193,0.7351,0.3459,0.6449,0.6319,0.7155,0.6222
PLAIN-2480,Preventing Ulcerative Colitis with Diet,0.1723,0.2345,0.2662,0.1955,0.1681,0.2884,0.2868,0.1735,0.285
PLAIN-2490,The Actual Benefit of Diet vs. Drugs,0.4388,0.5099,0.0958,0.5057,0.4681,0.2846,0.1435,0.2934,0.2812
PLAIN-2500,The Saturated Fat Studies: Buttering Up the Public,0.0,0.0,0.2073,0.0,0.0,0.1257,0.2821,0.1372,0.0
PLAIN-2510,Coffee and Artery Function,0.6422,0.702,0.5785,0.7281,0.7534,0.7232,0.7183,0.704,0.7173
PLAIN-2520,Caloric Restriction vs. Plant-Based Diets,0.0221,0.0,0.0367,0.0,0.0,0.0212,0.0221,0.0,0.0221
PLAIN-2530,Infectobesity: Adenovirus 36 and Childhood Obesity,0.7667,0.9008,0.9511,0.9511,0.9008,0.9036,0.9095,0.9069,0.9036
PLAIN-2540,Does Cholesterol Size Matter?,0.0889,0.3065,0.4276,0.4474,0.3288,0.6169,0.6606,0.5562,0.4898
PLAIN-2550,Barriers to Heart Disease Prevention,0.0,0.0,0.0,0.0,0.0,0.0,0.0,0.0,0.0
PLAIN-2560,Childhood Constipation and Cow’s Milk,0.8643,0.7936,0.9364,0.9337,0.8007,0.8643,0.8701,0.9364,0.8701
PLAIN-2570,Diabetics Should Take Their Pulses,0.1601,0.1601,0.2365,0.0982,0.3339,0.2538,0.2538,0.2538,0.3442
PLAIN-2580,Academy of Nutrition and Dietetics Conflicts of Interest,0.3812,0.3896,0.3975,0.3218,0.3812,0.4124,0.4124,0.4124,0.3975
PLAIN-2590,Do Vegetarians Get Enough Protein?,0.1175,0.0296,0.2268,0.0664,0.0,0.211,0.2294,0.1879,0.1809
PLAIN-2600,Eggs and Arterial Function,0.3483,0.6613,0.6982,0.4655,0.6613,0.6613,0.6958,0.6613,0.6613
PLAIN-2610,Treating Asthma With Plants vs. Supplements?,0.2746,0.22,0.4748,0.2016,0.1563,0.3515,0.2686,0.2268,0.3515
PLAIN-2620,Phytates for the Treatment of Cancer,0.4554,0.5023,0.0528,0.6003,0.5038,0.4493,0.3029,0.5408,0.3893
PLAIN-2630,Alkylphenol Endocrine Disruptors and Allergies,0.6204,0.5474,0.5606,0.5588,0.469,0.7034,0.6372,0.6844,0.6325
PLAIN-2640,Chicken Salmonella Thanks to Meat Industry Lawsuit,0.5978,0.5528,0.4667,0.516,0.5749,0.5338,0.5497,0.5303,0.6002
PLAIN-2650,Turmeric Curcumin and Osteoarthritis,0.2867,0.46,0.3715,0.4131,0.3052,0.3621,0.3811,0.3786,0.3621
PLAIN-2660,How Long to Detox From Fish Before Pregnancy?,0.11,0.2985,0.0851,0.3689,0.2985,0.3024,0.366,0.2876,0.3024
PLAIN-2670,Is Caramel Color Carcinogenic?,0.3407,0.3407,0.3407,0.5756,0.3407,0.3735,0.3407,0.3407,0.3407
PLAIN-2680,Counteracting the Effects of Dioxins Through Diet,0.1158,0.3587,0.1524,0.7849,0.1996,0.1956,0.2758,0.3856,0.2989
PLAIN-2690,Chronic Headaches and Pork Tapeworms,0.3522,0.3535,0.4085,0.4154,0.3378,0.4771,0.4662,0.4797,0.4771
PLAIN-2700,Heart Disease Starts in Childhood,0.0,0.1703,0.4621,0.215,0.1467,0.215,0.3407,0.215,0.215
PLAIN-2710,Artificial Food Colors and ADHD,0.4686,0.5551,0.6906,0.6012,0.5858,0.61,0.6494,0.6265,0.6122
PLAIN-2720,Keeping Your Hands Warm With Citrus,0.307,0.1834,0.183,0.1467,0.1315,0.2122,0.2122,0.2122,0.1834
PLAIN-2730,Anti-Angiogenesis: Cutting Off Tumor Supply Lines,0.4515,0.2931,0.7074,0.2593,0.4058,0.5384,0.5393,0.6109,0.5405
PLAIN-2740,Cancer Risk From CT Scan Radiation,0.4775,0.4487,0.6794,0.3301,0.4487,0.4764,0.4764,0.5825,0.4775
PLAIN-2750,Preventing the Common Cold with Probiotics?,0.5678,0.5749,0.7192,0.5031,0.5645,0.5892,0.5827,0.5855,0.6124
PLAIN-2760,Eating Healthy on a Budget,0.0,0.0,0.2623,0.0,0.0,0.0,0.0,0.0,0.0
PLAIN-2770,Flaxseeds & Breast Cancer Survival: Clinical Evidence,0.2841,0.5505,0.3573,0.5536,0.4774,0.4666,0.4495,0.4885,0.436
PLAIN-2780,Do Fruit & Nut Bars Cause Weight Gain?,0.3408,0.3408,0.4537,0.3702,0.3408,0.4104,0.3857,0.421,0.4104
PLAIN-2790,Titanium Dioxide & Inflammatory Bowel Disease,0.6173,0.6634,0.5321,0.7273,0.6489,0.5882,0.5705,0.5882,0.5859
PLAIN-2800,Prolonged Liver Function Enhancement From Broccoli,0.1136,0.1478,0.0379,0.0342,0.1026,0.0717,0.0405,0.0717,0.0568
PLAIN-2810,Apple Juice May Be Worse Than Sugar Water,0.0,0.0366,0.0,0.0434,0.0366,0.079,0.079,0.079,0.079
PLAIN-2820,Preventing Strokes with Diet,0.0,0.0,0.0,0.0,0.0,0.0,0.0,0.0,0.0
PLAIN-2830,Neurobiology of Artificial Sweeteners,0.3631,0.3631,0.3128,0.4582,0.3128,0.3631,0.3631,0.3631,0.3631
PLAIN-2840,Benefits of Fenugreek Seeds,0.0,0.0,0.0,0.0,0.0,0.0,0.0,0.0,0.0
PLAIN-2850,More Antibiotics In White Meat or Dark Meat?,0.0,0.0,0.0,0.0,0.0,0.0,0.0,0.0,0.0
PLAIN-2860,BPA Plastic and Male Sexual Dysfunction,1.0,1.0,1.0,1.0,1.0,1.0,1.0,1.0,1.0
PLAIN-2870,Filled Full of Lead,0.0,0.0,0.0,0.0608,0.0,0.0584,0.0638,0.101,0.0584
PLAIN-2880,The Answer to the Pritikin Puzzle,0.0,0.0,0.0,0.0,0.0,0.0,0.0,0.0,0.0
PLAIN-2890,To Snack or Not to Snack?,0.138,0.1446,0.2893,0.138,0.1774,0.1774,0.2292,0.1633,0.2292
PLAIN-2900,Boosting Good Bacteria in the Colon Without Probiotics,0.0,0.0,0.0,0.0,0.0,0.0,0.0,0.0,0.0
PLAIN-2910,Optimal Phytosterol Dose,0.2425,0.2425,0.3843,0.3843,0.3843,0.2425,0.2425,0.3843,0.3843
PLAIN-2920,Human Neurotransmitters in Plants,0.0,0.0,0.0,0.0,0.0,0.0,0.0,0.0,0.0
PLAIN-2930,Kiwifruit for Irritable Bowel Syndrome,0.5129,0.4585,0.5349,0.2893,0.4585,0.5094,0.4585,0.5045,0.5067
PLAIN-2940,Dietary Treatment of Crohn's Disease,0.0,0.0,0.0,0.0,0.0,0.0,0.0,0.0,0.0
PLAIN-2950,Unsafe at Any Feed,0.0,0.0,0.0,0.0,0.0,0.0,0.0,0.0,0.0
PLAIN-2960,Pharmacists Versus Health Food Store Employees: Who Gives Better Advice?,0.3558,0.3558,0.0,0.3558,0.3558,0.2943,0.2754,0.2943,0.2943
PLAIN-2970,Preventing Cataracts with Diet,0.4797,0.4797,0.5782,0.286,0.2398,0.5415,0.5415,0.5896,0.5415
PLAIN-2981,Cheese Mites and Maggots,0.5912,0.5881,0.5321,0.5953,0.5834,0.5321,0.5321,0.5321,0.5321
PLAIN-2991,Cholesterol and Lower Back Pain,0.2641,0.3066,0.3869,0.3869,0.3066,0.3066,0.3066,0.3869,0.3066
PLAIN-3001,EPIC Findings on Lymphoma,0.3066,0.3066,0.3066,0.3066,0.2641,0.3066,0.3066,0.3066,0.3066
PLAIN-3014,Sometimes the Enzyme Myth Is True,0.0,0.0,0.0,0.0,0.0,0.0,0.0,0.0,0.0
PLAIN-3026,Vitamin C-Enriched Bacon,0.0,0.0,0.6309,0.0,0.0,0.3869,0.5,0.4307,0.301
PLAIN-3037,Out of the Lab Onto the Track,0.0,0.0,0.0,0.0,0.0,0.0,0.0,0.0,0.0
PLAIN-3053,Dragon's Blood,0.7654,0.7654,0.4693,1.0,0.7654,0.7654,0.7654,0.7654,0.7654
PLAIN-3063,Better Than Goji Berries,0.0,0.0,0.0,0.0,0.0,0.0,0.0,0.0,0.0
PLAIN-3074,How to Help Prevent Abdominal Aortic Aneurysms,1.0,1.0,1.0,1.0,1.0,1.0,1.0,1.0,1.0
PLAIN-3085,The Difficulty of Arriving at a Vitamin D Recommendation,0.0,0.0,0.5706,0.0,0.0,0.2044,0.2184,0.1846,0.2044
PLAIN-3097,Amyloid and Apple Juice,0.5152,0.5152,0.5152,0.5152,0.5152,0.5152,0.5152,0.5152,0.5152
PLAIN-3116,Dietary Guidelines: From Dairies to Berries,0.0,0.0,0.0,0.0,0.0,0.0,0.0,0.0,0.0
PLAIN-3131,Are Avocados Good for You?,0.6459,0.6418,0.2502,0.6418,0.6418,0.5629,0.4436,0.567,0.5629
PLAIN-3141,Relieving Yourself of Excess Estrogen,0.215,0.1075,0.0985,0.1214,0.1318,0.2452,0.2161,0.1467,0.2785
PLAIN-3151,Too Much Iodine Can Be as Bad as Too Little,0.6957,0.5411,0.5533,0.7455,0.5411,0.5802,0.5802,0.7438,0.5802
PLAIN-3161,Is Milk and Mucus a Myth?,0.5026,0.4585,0.5486,0.4585,0.4585,0.5486,0.4585,0.4585,0.5618
PLAIN-3171,Convergence of Evidence,0.2492,0.1728,0.0509,0.1728,0.1728,0.2132,0.1446,0.2802,0.221
PLAIN-3181,Is Dragon Fruit Good For You?,0.0,0.0,0.0,0.0,0.0948,0.0,0.0,0.0,0.0948
PLAIN-3191,Is Distilled Fish Oil Toxin-Free?,0.3565,0.3756,0.2358,0.1952,0.3756,0.5188,0.5059,0.5035,0.508
PLAIN-3201,Acne & Cancer Connection,0.1249,0.2966,0.0,0.3175,0.2716,0.0924,0.0924,0.114,0.0924
PLAIN-3211,Overdosing on Greens,0.0,0.0,0.0,0.0,0.0,0.0,0.0,0.0,0.0
PLAIN-3221,Dietary Theory of Alzheimer's,0.0,0.0,0.0658,0.0,0.0,0.0,0.0,0.0,0.0
PLAIN-3231,Meat & Multiple Myeloma,0.0,0.0,0.2232,0.0,0.0,0.0,0.0,0.0,0.0
PLAIN-3241,Apthous Ulcer Mystery Solved,0.0,0.1528,0.4585,0.3402,0.1528,0.2292,0.2292,0.2893,0.2292
PLAIN-3251,EPIC Study,0.1975,0.0509,0.0,0.0,0.0658,0.0764,0.0764,0.0764,0.0764
PLAIN-3261,Update on Herbalife®,0.1703,0.1703,0.0,0.1703,0.1703,0.1703,0.1703,0.1703,0.1703
PLAIN-3271,Saturated Fat & Cancer Progression,0.0,0.0,0.0734,0.0,0.0,0.0,0.0,0.0,0.0
PLAIN-3281,Aluminum in Vaccines vs. Food,0.3843,0.3843,0.3843,0.3843,0.3843,0.3843,0.4248,0.4214,0.3843
PLAIN-3292,Are Multivitamins Good For You?,0.6372,0.4302,0.7143,0.5935,0.4302,0.6304,0.6071,0.6711,0.6304
PLAIN-3302,Fish Fog,0.2492,0.2492,0.0,0.0,0.0902,0.2934,0.2492,0.19,0.2492
PLAIN-3312,Sexually Transmitted Fish Toxin,0.069,0.0911,0.3338,0.2412,0.0849,0.1961,0.2125,0.213,0.1879
PLAIN-3322,Veggies vs. Cancer,0.0948,0.0851,0.11,0.0,0.0636,0.0784,0.1357,0.0784,0.0784
PLAIN-3332,Alcohol Risks vs. Benefits,0.6412,0.4356,0.7461,0.4377,0.5254,0.7166,0.8312,0.844,0.8532
PLAIN-3342,Is Coconut Milk Good For You?,0.6508,0.7654,0.4982,0.6508,0.7654,0.7039,0.8396,0.6714,0.7039
PLAIN-3352,Boosting Heart Nerve Control,0.0,0.0,0.0,0.0,0.0,0.0,0.0,0.0,0.0
PLAIN-3362,Kuna Indian Secret,0.6909,0.6574,0.3843,0.6909,0.6574,0.6261,0.5926,0.6317,0.6261
PLAIN-3372,The Healthiest Sweetener,0.0,0.1528,0.2457,0.0,0.138,0.1975,0.1975,0.1633,0.1633
PLAIN-3382,Are Artificial Colors Bad for You?,0.0952,0.2112,0.5463,0.2289,0.3829,0.2239,0.2822,0.2753,0.2712
PLAIN-3392,Healthiest Airplane Beverage,0.0,0.0,0.0,0.0,0.0,0.0,0.0,0.0,0.0
PLAIN-3402,Antioxidant Content of 300 Foods,0.0,0.0,0.0734,0.0,0.0,0.0,0.0663,0.0,0.0
PLAIN-3412,Plant vs. Cow Calcium,0.2123,0.2142,0.2546,0.2417,0.2142,0.2585,0.273,0.2932,0.2585
PLAIN-3422,Vitamin Supplements Worth Taking,0.0908,0.1382,0.0311,0.1403,0.1141,0.0643,0.0346,0.0578,0.0634
PLAIN-3432,Healthy Chocolate Milkshakes,0.0784,0.2426,0.1357,0.3063,0.2426,0.2182,0.1546,0.2115,0.2141
PLAIN-3442,The Healthiest Vegetables,0.0,0.0,0.0,0.0,0.0,0.0,0.0,0.0,0.0
PLAIN-3452,Bowel Movement Frequency,0.5531,0.5844,0.1212,0.4128,0.5844,0.3347,0.2795,0.3347,0.2977
PLAIN-3462,Olive Oil and Artery Function,0.5798,0.6497,0.6311,0.6285,0.688,0.6176,0.6547,0.618,0.6023
PLAIN-3472,How Doctors Responded to Being Named a Leading Killer,0.0,0.0,0.1431,0.0,0.0,0.0,0.0,0.0,0.0
